{"metadata":{"project":"human-cell-digital-twin","scenario":"hypoxia","shape_zyx":[4,4,4],"voxel_count":64,"duration_min":0.01,"dt_min":0.001,"voxel_order":"C-order z,y,x; index = (z * y_size + y) * x_size + x","field_units":{"ATP":"mM","ADP":"mM","AMP":"mM","glucose":"mM","pyruvate":"mM","lactate":"mM","O2":"mM","amino_acids":"mM","protein_mass":"mM equivalent","Na_cyt":"mM","hif1a":"a.u.","Ca_cyt":"mM"},"generated_at":"2026-07-07T16:01:42.908957+00:00"},"stats":{"ATP":{"min":4.046447698322783,"max":4.0662664490853855,"mean":4.059300060338584},"ADP":{"min":0.43373355091461413,"max":0.45355230167721555,"mean":0.44069993966141474},"AMP":{"min":0.1,"max":0.1,"mean":0.09999999999999999},"glucose":{"min":3.9867623861565296,"max":4.986140963173347,"mean":4.567285058850292},"pyruvate":{"min":0.16875253197406984,"max":0.16988935225092555,"mean":0.16945393235993583},"lactate":{"min":1.00269444384051,"max":1.1373704085330343,"mean":1.0590607458808776},"O2":{"min":0.008275338060225946,"max":0.01833454732758984,"mean":0.013985466578570537},"amino_acids":{"min":1.9830509604812596,"max":1.9830554007796,"mean":1.9830525260928522},"protein_mass":{"min":0.016944599220399696,"max":0.01694903951874035,"mean":0.01694747390714749},"Na_cyt":{"min":9.964166178318804,"max":9.964175778852223,"mean":9.96416956337978},"hif1a":{"min":0.0,"max":0.001,"mean":0.000125},"Ca_cyt":{"min":0.00010956179249911954,"max":0.00010956179249911954,"mean":0.00010956179249911951}},"fields":{"ATP":[4.0662664490853855,4.0628926455254835,4.0628926455254835,4.0662664490853855,4.0628926455254835,4.057669466241349,4.057669466241349,4.0628926455254835,4.0628926455254835,4.057669466241349,4.057669466241349,4.0628926455254835,4.0662664490853855,4.0628926455254835,4.0628926455254835,4.0662664490853855,4.0628926455254835,4.057669466241349,4.057669466241349,4.0628926455254835,4.057669466241349,4.046447698322783,4.046447698322783,4.057669466241349,4.057669466241349,4.046447698322783,4.046447698322783,4.057669466241349,4.0628926455254835,4.057669466241349,4.057669466241349,4.0628926455254835,4.0628926455254835,4.057669466241349,4.057669466241349,4.0628926455254835,4.057669466241349,4.046447698322783,4.046447698322783,4.057669466241349,4.057669466241349,4.046447698322783,4.046447698322783,4.057669466241349,4.0628926455254835,4.057669466241349,4.057669466241349,4.0628926455254835,4.0662664490853855,4.0628926455254835,4.0628926455254835,4.0662664490853855,4.0628926455254835,4.057669466241349,4.057669466241349,4.0628926455254835,4.0628926455254835,4.057669466241349,4.057669466241349,4.0628926455254835,4.0662664490853855,4.0628926455254835,4.0628926455254835,4.0662664490853855],"ADP":[0.43373355091461413,0.43710735447451404,0.43710735447451404,0.43373355091461413,0.43710735447451404,0.4423305337586487,0.4423305337586487,0.43710735447451404,0.43710735447451404,0.4423305337586487,0.4423305337586487,0.43710735447451404,0.43373355091461413,0.43710735447451404,0.43710735447451404,0.43373355091461413,0.43710735447451404,0.4423305337586487,0.4423305337586487,0.43710735447451404,0.4423305337586487,0.45355230167721555,0.45355230167721555,0.4423305337586487,0.4423305337586487,0.45355230167721555,0.45355230167721555,0.4423305337586487,0.43710735447451404,0.4423305337586487,0.4423305337586487,0.43710735447451404,0.43710735447451404,0.4423305337586487,0.4423305337586487,0.43710735447451404,0.4423305337586487,0.45355230167721555,0.45355230167721555,0.4423305337586487,0.4423305337586487,0.45355230167721555,0.45355230167721555,0.4423305337586487,0.43710735447451404,0.4423305337586487,0.4423305337586487,0.43710735447451404,0.43373355091461413,0.43710735447451404,0.43710735447451404,0.43373355091461413,0.43710735447451404,0.4423305337586487,0.4423305337586487,0.43710735447451404,0.43710735447451404,0.4423305337586487,0.4423305337586487,0.43710735447451404,0.43373355091461413,0.43710735447451404,0.43710735447451404,0.43373355091461413],"AMP":[0.1,0.1,0.1,0.1,0.1,0.1,0.1,0.1,0.1,0.1,0.1,0.1,0.1,0.1,0.1,0.1,0.1,0.1,0.1,0.1,0.1,0.1,0.1,0.1,0.1,0.1,0.1,0.1,0.1,0.1,0.1,0.1,0.1,0.1,0.1,0.1,0.1,0.1,0.1,0.1,0.1,0.1,0.1,0.1,0.1,0.1,0.1,0.1,0.1,0.1,0.1,0.1,0.1,0.1,0.1,0.1,0.1,0.1,0.1,0.1,0.1,0.1,0.1,0.1],"glucose":[4.986140963173347,4.74457899978224,4.74457899978224,4.986140963173347,4.74457899978224,4.443880040708581,4.443880040708581,4.74457899978224,4.74457899978224,4.443880040708581,4.443880040708581,4.74457899978224,4.986140963173347,4.74457899978224,4.74457899978224,4.986140963173347,4.74457899978224,4.443880040708581,4.443880040708581,4.74457899978224,4.443880040708581,3.9867623861565296,3.9867623861565296,4.443880040708581,4.443880040708581,3.9867623861565296,3.9867623861565296,4.443880040708581,4.74457899978224,4.443880040708581,4.443880040708581,4.74457899978224,4.74457899978224,4.443880040708581,4.443880040708581,4.74457899978224,4.443880040708581,3.9867623861565296,3.9867623861565296,4.443880040708581,4.443880040708581,3.9867623861565296,3.9867623861565296,4.443880040708581,4.74457899978224,4.443880040708581,4.443880040708581,4.74457899978224,4.986140963173347,4.74457899978224,4.74457899978224,4.986140963173347,4.74457899978224,4.443880040708581,4.443880040708581,4.74457899978224,4.74457899978224,4.443880040708581,4.443880040708581,4.74457899978224,4.986140963173347,4.74457899978224,4.74457899978224,4.986140963173347],"pyruvate":[0.16988935225092555,0.16965990171635167,0.16965990171635167,0.16988935225092555,0.16965990171635167,0.16933662316847875,0.16933662316847875,0.16965990171635167,0.16965990171635167,0.16933662316847875,0.16933662316847875,0.16965990171635167,0.16988935225092555,0.16965990171635167,0.16965990171635167,0.16988935225092555,0.16965990171635167,0.16933662316847875,0.16933662316847875,0.16965990171635167,0.16933662316847875,0.16875253197406984,0.16875253197406984,0.16933662316847875,0.16933662316847875,0.16875253197406984,0.16875253197406984,0.16933662316847875,0.16965990171635167,0.16933662316847875,0.16933662316847875,0.16965990171635167,0.16965990171635167,0.16933662316847875,0.16933662316847875,0.16965990171635167,0.16933662316847875,0.16875253197406984,0.16875253197406984,0.16933662316847875,0.16933662316847875,0.16875253197406984,0.16875253197406984,0.16933662316847875,0.16965990171635167,0.16933662316847875,0.16933662316847875,0.16965990171635167,0.16988935225092555,0.16965990171635167,0.16965990171635167,0.16988935225092555,0.16965990171635167,0.16933662316847875,0.16933662316847875,0.16965990171635167,0.16965990171635167,0.16933662316847875,0.16933662316847875,0.16965990171635167,0.16988935225092555,0.16965990171635167,0.16965990171635167,0.16988935225092555],"lactate":[1.00269444384051,1.035162828932873,1.035162828932873,1.00269444384051,1.035162828932873,1.0756442092916194,1.0756442092916194,1.035162828932873,1.035162828932873,1.0756442092916194,1.0756442092916194,1.035162828932873,1.00269444384051,1.035162828932873,1.035162828932873,1.00269444384051,1.035162828932873,1.0756442092916194,1.0756442092916194,1.035162828932873,1.0756442092916194,1.1373704085330343,1.1373704085330343,1.0756442092916194,1.0756442092916194,1.1373704085330343,1.1373704085330343,1.0756442092916194,1.035162828932873,1.0756442092916194,1.0756442092916194,1.035162828932873,1.035162828932873,1.0756442092916194,1.0756442092916194,1.035162828932873,1.0756442092916194,1.1373704085330343,1.1373704085330343,1.0756442092916194,1.0756442092916194,1.1373704085330343,1.1373704085330343,1.0756442092916194,1.035162828932873,1.0756442092916194,1.0756442092916194,1.035162828932873,1.00269444384051,1.035162828932873,1.035162828932873,1.00269444384051,1.035162828932873,1.0756442092916194,1.0756442092916194,1.035162828932873,1.035162828932873,1.0756442092916194,1.0756442092916194,1.035162828932873,1.00269444384051,1.035162828932873,1.035162828932873,1.00269444384051],